0,446,447,458,75,50,-225,100,50,-225,100,50,-250,0.818341,0.146698,0.0349609,-0.730129,-0.666026,-0.152716,540.516,470.288,-129.169,628.423
1,364,363,352,-50,50,-50,-75,50,-50,-75,50,-25,0.134949,0.209686,0.655365,-0.809745,-0.57238,0.12921,540.516,470.288,-129.169,757.081
4,374,375,386,-75,50,-75,-50,50,-75,-50,50,-100,0.124084,0.365417,0.510499,-0.809705,-0.583829,0.0593445,540.516,470.288,-129.169,720.145
5,304,305,316,100,50,100,125,50,100,125,50,75,0.562434,0.215426,0.22214,-0.656174,-0.672492,0.342332,540.516,470.288,-129.169,663.892
7,335,334,323,50,50,25,25,50,25,25,50,50,0.571841,0.0226349,0.405524,-0.731705,-0.637248,0.241915,540.516,470.288,-129.169,687.15
8,387,388,399,-25,50,-100,0,50,-100,0,50,-125,0.460593,0.173265,0.366141,-0.791397,-0.610479,0.0317266,540.516,470.288,-129.169,701.275
11,282,283,294,100,50,150,125,50,150,125,50,125,0.781626,0.00135559,0.217018,-0.640732,-0.653246,0.403401,540.516,470.288,-129.169,691.804
12,332,331,320,-25,50,25,-50,50,25,-50,50,50,0.197075,0.72846,0.0744647,-0.783329,-0.584635,0.21118,540.516,470.288,-129.169,749.985
17,282,283,294,100,50,150,125,50,150,125,50,125,0.921783,0.00529236,0.0729242,-0.642269,-0.649838,0.406449,540.516,470.288,-129.169,693.319
18,409,410,421,-25,50,-150,0,50,-150,0,50,-175,0.144526,0.776541,0.0789331,-0.78921,-0.61336,-0.0306079,540.516,470.288,-129.169,692.09
22,252,253,264,-100,50,200,-75,50,200,-75,50,175,0.117422,0.864014,0.0185638,-0.743044,-0.540012,0.395313,540.516,470.288,-129.169,855.397
23,324,325,336,50,50,50,75,50,50,75,50,25,0.36198,0.419554,0.218466,-0.70989,-0.653774,0.261984,540.516,470.288,-129.169,671.054
26,364,365,376,-50,50,-50,-25,50,-50,-25,50,-75,0.396116,0.17705,0.426834,-0.797544,-0.595315,0.09759,540.516,470.288,-129.169,731.56
27,327,326,315,125,50,50,100,50,50,100,50,75,0.69601,0.0207971,0.283193,-0.664668,-0.686941,0.293816,540.516,470.288,-129.169,635.452
30,374,373,362,-75,50,-75,-100,50,-75,-100,50,-50,0.265908,0.5184,0.215692,-0.82496,-0.559456,0.0803131,540.516,470.288,-129.169,785.059
32,254,253,234,-50,50,200,-75,50,200,-75,50,225,0.657219,0.254913,0.087868,-0.731224,-0.548817,0.405107,540.516,470.288,-129.169,838.766
34,363,364,375,-75,50,-50,-50,50,-50,-50,50,-75,0.205911,0.268666,0.525424,-0.807599,-0.582479,0.0922065,540.516,470.288,-129.169,756.333
35,310,311,322,-25,50,75,0,50,75,0,50,50,0.0425025,0.172116,0.785381,-0.750721,-0.608231,0.257824,540.516,470.288,-129.169,730.36
36,369,370,381,75,50,-50,100,50,-50,100,50,-75,0.836204,0.0991257,0.0646707,-0.726952,-0.675158,0.125313,540.516,470.288,-129.169,638.443
37,414,415,426,100,50,-150,125,50,-150,125,50,-175,0.412655,0.0444336,0.542911,-0.709975,-0.702069,-0.0550909,540.516,470.288,-129.169,597.795
38,477,478,316,125,25,100,125,25,75,125,50,75,0.285379,0.398367,0.316254,-0.63759,-0.699829,0.322053,540.516,470.288,-129.169,655.264
39,333,332,321,0,50,25,-25,50,25,-25,50,50,0.587769,0.032666,0.379565,-0.762523,-0.605215,0.228634,540.516,470.288,-129.169,728.981
41,252,262,251,-100,50,200,-125,50,200,-125,50,225,0.622273,0.0534686,0.324258,-0.755817,-0.523933,0.392727,540.516,470.288,-129.169,880.038
42,479,480,338,125,25,50,125,25,25,125,50,25,0.359966,0.394003,0.24603,-0.652372,-0.714152,0.253766,540.516,470.288,-129.169,632.32
43,316,305,477,125,50,75,125,50,100,125,25,100,0.183685,0.524111,0.292203,-0.638305,-0.688213,0.344862,540.516,470.288,-129.169,655.077
48,364,363,352,-50,50,-50,-75,50,-50,-75,50,-25,0.132886,0.210023,0.657091,-0.809769,-0.572331,0.129269,540.516,470.288,-129.169,757.084
49,419,420,431,-50,50,-175,-25,50,-175,-25,50,-200,0.16887,0.524102,0.307029,-0.801636,-0.593284,-0.0734402,540.516,470.288,-129.169,718.391
50,474,473,31,125,25,175,125,25,200,125,0,200,0.559445,0.358312,0.0822424,-0.59011,-0.673323,0.445429,540.516,470.288,-129.169,728.356
51,420,421,432,-25,50,-175,0,50,-175,0,50,-200,0.108472,0.717149,0.174379,-0.788033,-0.611531,-0.0709478,540.516,470.288,-129.169,701.365
52,490,489,207,125,25,-225,125,25,-200,125,0,-200,0.427491,0.525568,0.0469409,-0.675116,-0.725848,-0.131769,540.516,470.288,-129.169,604.995
53,331,332,343,-50,50,25,-25,50,25,-25,50,-0,0.458716,0.0568598,0.484424,-0.782539,-0.591257,0.195057,540.516,470.288,-129.169,736.279
54,196,207,489,125,0,-175,125,0,-200,125,25,-200,0.148762,0.550259,0.300979,-0.663463,-0.740408,-0.107761,540.516,470.288,-129.169,619.551
55,339,329,340,-125,50,25,-100,50,25,-100,50,-0,0.420286,0.460266,0.119448,-0.814563,-0.547554,0.191498,540.516,470.288,-129.169,804.309
56,252,262,251,-100,50,200,-125,50,200,-125,50,225,0.618506,0.0456134,0.335881,-0.755762,-0.52383,0.392971,540.516,470.288,-129.169,880.115
57,348,347,336,100,50,-0,75,50,-0,75,50,25,0.305973,0.468288,0.225739,-0.709653,-0.672031,0.211583,540.516,470.288,-129.169,649.346
58,273,263,274,-125,50,175,-100,50,175,-100,50,150,0.00812984,0.0835675,0.908303,-0.771607,-0.537899,0.339538,540.516,470.288,-129.169,851.896
60,309,308,297,-50,50,75,-75,50,75,-75,50,100,0.0338257,0.455599,0.510576,-0.780044,-0.561087,0.27697,540.516,470.288,-129.169,791.341
61,392,391,380,100,50,-100,75,50,-100,75,50,-75,0.432905,0.0976331,0.469462,-0.728048,-0.682063,0.0688134,540.516,470.288,-129.169,632.485
63,291,292,303,50,50,125,75,50,125,75,50,100,0.250015,0.294116,0.45587,-0.683166,-0.639394,0.352788,540.516,470.288,-129.169,709.124
65,444,443,432,25,50,-225,0,50,-225,0,50,-200,0.760513,0.210235,0.0292523,-0.770714,-0.621532,-0.140353,540.516,470.288,-129.169,682.211
66,380,379,368,75,50,-75,50,50,-75,50,50,-50,0.617902,0.14426,0.237838,-0.739584,-0.666091,0.0966379,540.516,470.288,-129.169,642.484
67,449,439,450,-125,50,-225,-100,50,-225,-100,50,-250,0.343601,0.387765,0.268634,-0.831937,-0.539153,-0.131133,540.516,470.288,-129.169,777.542
68,369,370,381,75,50,-50,100,50,-50,100,50,-75,0.0874096,0.0532657,0.859325,-0.716329,-0.691068,0.0964312,540.516,470.288,-129.169,626.01
69,398,397,386,-25,50,-125,-50,50,-125,-50,50,-100,0.562109,0.376304,0.0615863,-0.804945,-0.593255,0.0106094,540.516,470.288,-129.169,720.996
70,491,490,218,125,25,-250,125,25,-225,125,0,-225,0.157294,0.213004,0.629702,-0.660736,-0.733835,-0.15784,540.516,470.288,-129.169,615.969
71,353,354,365,-50,50,-25,-25,50,-25,-25,50,-50,0.494475,0.0538156,0.451709,-0.794102,-0.593585,0.130605,540.516,470.288,-129.169,748.312
73,424,425,436,75,50,-175,100,50,-175,100,50,-200,0.644305,0.221732,0.133963,-0.732943,-0.675923,-0.0769659,540.516,470.288,-129.169,610.249
74,282,281,270,100,50,150,75,50,150,75,50,175,0.454659,0.341028,0.204312,-0.652042,-0.638644,0.408625,540.516,470.288,-129.169,704.443
75,386,387,398,-50,50,-100,-25,50,-100,-25,50,-125,0.762412,0.00492158,0.232666,-0.80739,-0.588983,0.0349431,540.516,470.288,-129.169,729.007
76,400,401,412,25,50,-125,50,50,-125,50,50,-150,0.474858,0.123768,0.401374,-0.76465,-0.644415,-0.0062956,540.516,470.288,-129.169,663.057
78,437,426,488,125,50,-200,125,50,-175,125,25,-175,0.18859,0.59077,0.22064,-0.695615,-0.71355,-0.0834648,540.516,470.288,-129.169,593.704
80,305,294,476,125,50,100,125,50,125,125,25,125,0.297605,0.467909,0.234486,-0.63103,-0.679842,0.373652,540.516,470.288,-129.169,667.13
82,321,322,333,-25,50,50,0,50,50,0,50,25,0.106648,0.755038,0.138314,-0.75466,-0.608299,0.245888,540.516,470.288,-129.169,725.791
83,437,426,488,125,50,-200,125,50,-175,125,25,-175,0.200441,0.579678,0.219882,-0.69563,-0.713475,-0.0839769,540.516,470.288,-129.169,593.754
84,310,311,322,-25,50,75,0,50,75,0,50,50,0.182153,0.713643,0.104204,-0.747395,-0.60325,0.278371,540.516,470.288,-129.169,737.261
85,371,370,359,125,50,-50,100,50,-50,100,50,-25,0.306635,0.468716,0.22465,-0.703115,-0.696981,0.14088,540.516,470.288,-129.169,622.488
90,308,309,320,-75,50,75,-50,50,75,-50,50,50,0.531956,0.0192822,0.448762,-0.782174,-0.569904,0.251821,540.516,470.288,-129.169,789.647
92,388,387,376,0,50,-100,-25,50,-100,-25,50,-75,0.341384,0.595479,0.0631372,-0.793088,-0.607321,0.0466163,540.516,470.288,-129.169,703.764
93,260,259,246,100,50,200,75,50,200,75,50,225,0.19361,0.743581,0.0628094,-0.63749,-0.619646,0.45787,540.516,470.288,-129.169,754.836
94,294,293,282,125,50,125,100,50,125,100,50,150,0.226785,0.00202822,0.771187,-0.640711,-0.653474,0.403065,540.516,470.288,-129.169,691.737
96,336,337,348,75,50,25,100,50,25,100,50,-0,0.160222,0.55549,0.284288,-0.695637,-0.679698,0.232594,540.516,470.288,-129.169,644.963
97,290,291,302,25,50,125,50,50,125,50,50,100,0.107821,0.0193377,0.872841,-0.702618,-0.629195,0.332329,540.516,470.288,-129.169,714.434
99,480,481,349,125,25,25,125,25,-0,125,50,-0,0.0332281,0.918011,0.048761,-0.658354,-0.724543,0.203977,540.516,470.288,-129.169,628.23
100,333,332,321,0,50,25,-25,50,25,-25,50,50,0.587959,0.0325061,0.379535,-0.762522,-0.605216,0.228634,540.516,470.288,-129.169,728.981
104,486,487,415,125,25,-125,125,25,-150,125,50,-150,0.396753,0.0683551,0.534891,-0.691716,-0.721968,-0.0170626,540.516,470.288,-129.169,604.16
105,174,185,487,125,0,-125,125,0,-150,125,25,-150,0.263373,0.260402,0.476224,-0.669446,-0.742476,-0.0239266,540.516,470.288,-129.169,611.777
107,313,314,325,50,50,75,75,50,75,75,50,50,0.151298,0.388968,0.459734,-0.69962,-0.653317,0.289325,540.516,470.288,-129.169,679.173
108,431,430,419,-25,50,-200,-50,50,-200,-50,50,-175,0.533657,0.440479,0.0258643,-0.803944,-0.586776,-0.0967842,540.516,470.288,-129.169,739.224
109,299,300,311,-25,50,100,0,50,100,0,50,75,0.167371,0.560393,0.272236,-0.74054,-0.599598,0.303451,540.516,470.288,-129.169,760.994
110,430,429,418,-50,50,-200,-75,50,-200,-75,50,-175,0.855693,0.143196,0.00111084,-0.812066,-0.575744,-0.0952237,540.516,470.288,-129.169,738.356
111,384,385,396,-100,50,-100,-75,50,-100,-75,50,-125,0.0514013,0.0279764,0.920622,-0.823028,-0.567895,0.0109848,540.516,470.288,-129.169,749.533
112,366,367,378,0,50,-50,25,50,-50,25,50,-75,0.1547,0.481557,0.363743,-0.766571,-0.63328,0.106418,540.516,470.288,-129.169,687.985
113,479,478,86,125,25,50,125,25,75,125,0,75,0.165316,0.750599,0.0840845,-0.634291,-0.711615,0.302124,540.516,470.288,-129.169,657.633
115,348,349,360,100,50,-0,125,50,-0,125,50,-25,0.374321,0.516899,0.108779,-0.685497,-0.698265,0.206204,540.516,470.288,-129.169,615.462
116,346,347,358,50,50,-0,75,50,-0,75,50,-25,0.616998,0.223967,0.159035,-0.72949,-0.656398,0.192316,540.516,470.288,-129.169,665.052
118,399,398,387,0,50,-125,-25,50,-125,-25,50,-100,0.534177,0.231806,0.234017,-0.792239,-0.609973,0.0170534,540.516,470.288,-129.169,697.925
119,278,277,266,0,50,150,-25,50,150,-25,50,175,0.628662,0.114936,0.256402,-0.720127,-0.583826,0.374919,540.516,470.288,-129.169,781.316
120,424,425,436,75,50,-175,100,50,-175,100,50,-200,0.572969,0.227928,0.199103,-0.731478,-0.677188,-0.0797291,540.516,470.288,-129.169,609.609
121,489,488,196,125,25,-200,125,25,-175,125,0,-175,0.813606,0.108541,0.0778528,-0.676424,-0.728687,-0.107081,540.516,470.288,-129.169,600.749
122,237,239,240,-25,50,250,0,50,250,0,50,225,0.0417993,0.688637,0.269564,-0.679529,-0.565246,0.467693,540.516,470.288,-129.169,815.963
125,437,436,425,125,50,-200,100,50,-200,100,50,-175,0.620792,0.204076,0.175132,-0.706683,-0.699121,-0.108759,540.516,470.288,-129.169,590.02
126,411,412,423,25,50,-150,50,50,-150,50,50,-175,0.21993,0.598207,0.181862,-0.760733,-0.648051,-0.0362561,540.516,470.288,-129.169,652.177
128,303,304,315,75,50,100,100,50,100,100,50,75,0.967709,0.00834106,0.0239502,-0.682989,-0.648146,0.336799,540.516,470.288,-129.169,691.644
129,381,380,369,100,50,-75,75,50,-75,75,50,-50,0.403684,0.0875735,0.508742,-0.724369,-0.680633,0.109671,540.516,470.288,-129.169,635.481
130,311,310,299,0,50,75,-25,50,75,-25,50,100,0.15136,0.179992,0.668648,-0.750819,-0.590096,0.296745,540.516,470.288,-129.169,767.008
131,374,373,362,-75,50,-75,-100,50,-75,-100,50,-50,0.403789,0.0335461,0.562665,-0.822403,-0.56144,0.0918602,540.516,470.288,-129.169,791.958
132,393,382,484,125,50,-100,125,50,-75,125,25,-75,0.794123,0.108114,0.0977625,-0.695695,-0.715933,0.0587255,540.516,470.288,-129.169,602.178
133,426,425,414,125,50,-175,100,50,-175,100,50,-150,0.68557,0.12045,0.193979,-0.707529,-0.703568,-0.0663006,540.516,470.288,-129.169,589.712
136,330,329,318,-75,50,25,-100,50,25,-100,50,50,0.0204809,0.472645,0.506874,-0.806058,-0.552419,0.212377,540.516,470.288,-129.169,815.971
137,330,329,318,-75,50,25,-100,50,25,-100,50,50,0.0214649,0.462227,0.516308,-0.806,-0.552402,0.212642,540.516,470.288,-129.169,815.997
138,279,280,291,25,50,150,50,50,150,50,50,125,0.249657,0.741105,0.00923767,-0.686939,-0.615153,0.386912,540.516,470.288,-129.169,747.591
139,425,426,437,100,50,-175,125,50,-175,125,50,-200,0.347252,0.36364,0.289108,-0.707465,-0.701429,-0.086546,540.516,470.288,-129.169,596.899
140,349,348,337,125,50,-0,100,50,-0,100,50,25,0.515317,0.0329864,0.451696,-0.683933,-0.693427,0.226704,540.516,470.288,-129.169,626.183
141,382,371,483,125,50,-75,125,50,-50,125,25,-50,0.418246,0.289685,0.292069,-0.685753,-0.718796,0.114351,540.516,470.288,-129.169,610.882
142,254,255,266,-50,50,200,-25,50,200,-25,50,175,0.310881,0.528172,0.160947,-0.718844,-0.562736,0.408156,540.516,470.288,-129.169,824.546
144,371,360,482,125,50,-50,125,50,-25,125,25,-25,0.418117,0.425381,0.156503,-0.683458,-0.713423,0.154639,540.516,470.288,-129.169,609.608
145,430,429,418,-50,50,-200,-75,50,-200,-75,50,-175,0.190466,0.247667,0.561866,-0.820389,-0.566964,-0.0742554,540.516,470.288,-129.169,744.261
148,479,478,86,125,25,50,125,25,75,125,0,75,0.165763,0.749562,0.0846753,-0.634287,-0.711631,0.302094,540.516,470.288,-129.169,657.63
150,279,280,291,25,50,150,50,50,150,50,50,125,0.726238,0.0207977,0.252964,-0.697924,-0.609915,0.375375,540.516,470.288,-129.169,741.021
151,260,261,272,100,50,200,125,50,200,125,50,175,0.279299,0.579968,0.140733,-0.607173,-0.642362,0.467666,540.516,470.288,-129.169,714.402
152,336,337,348,75,50,25,100,50,25,100,50,-0,0.160353,0.557385,0.282263,-0.695625,-0.679681,0.232678,540.516,470.288,-129.169,644.971
154,340,341,352,-100,50,-0,-75,50,-0,-75,50,-25,0.478843,0.0785779,0.442579,-0.812264,-0.562147,0.155618,540.516,470.288,-129.169,775.785
155,426,415,487,125,50,-175,125,50,-150,125,25,-150,0.332157,0.159915,0.507928,-0.69053,-0.721749,-0.047394,540.516,470.288,-129.169,609.707
158,356,357,368,25,50,-25,50,50,-25,50,50,-50,0.119138,0.323687,0.557175,-0.74644,-0.650673,0.13947,540.516,470.288,-129.169,665.932
160,473,474,272,125,25,200,125,25,175,125,50,175,0.194525,0.441854,0.363622,-0.59955,-0.666722,0.442743,540.516,470.288,-129.169,713.734
161,424,425,436,75,50,-175,100,50,-175,100,50,-200,0.642839,0.221823,0.135338,-0.73291,-0.675952,-0.0770218,540.516,470.288,-129.169,610.257
163,296,297,308,-100,50,100,-75,50,100,-75,50,75,0.145171,0.484695,0.370134,-0.781341,-0.558177,0.279185,540.516,470.288,-129.169,791.786
164,416,406,417,-125,50,-150,-100,50,-150,-100,50,-175,0.0297656,0.0188678,0.951367,-0.833566,-0.549586,-0.0558882,540.516,470.288,-129.169,772.063
166,369,370,381,75,50,-50,100,50,-50,100,50,-75,0.836464,0.0991614,0.064375,-0.72695,-0.675157,0.125324,540.516,470.288,-129.169,638.444
167,381,382,393,100,50,-75,125,50,-75,125,50,-100,0.624486,0.0967969,0.278717,-0.708956,-0.700617,0.0807256,540.516,470.288,-129.169,615.646
168,305,304,293,125,50,100,100,50,100,100,50,125,0.349418,0.333453,0.31713,-0.653048,-0.666801,0.359032,540.516,470.288,-129.169,673.311
170,344,345,356,0,50,-0,25,50,-0,25,50,-25,0.120078,0.587475,0.292447,-0.75464,-0.630957,0.180031,540.516,470.288,-129.169,693.685
171,407,406,395,-75,50,-150,-100,50,-150,-100,50,-125,0.285334,0.0428674,0.671798,-0.83028,-0.55734,-0.0025198,540.516,470.288,-129.169,761.322
172,488,489,437,125,25,-175,125,25,-200,125,50,-200,0.251696,0.0196075,0.728696,-0.693226,-0.712855,-0.106187,540.516,470.288,-129.169,594.333
173,271,270,259,100,50,175,75,50,175,75,50,200,0.831387,0.144062,0.0245514,-0.635573,-0.637153,0.435985,540.516,470.288,-129.169,711.87
174,391,392,403,75,50,-100,100,50,-100,100,50,-125,0.0516883,0.478931,0.46938,-0.721099,-0.692111,0.0315811,540.516,470.288,-129.169,616.873
175,386,387,398,-50,50,-100,-25,50,-100,-25,50,-125,0.158706,0.777931,0.063363,-0.799808,-0.598807,0.0416872,540.516,470.288,-129.169,714.234
176,268,267,256,25,50,175,0,50,175,0,50,200,0.292158,0.134134,0.573708,-0.696385,-0.584523,0.41639,540.516,470.288,-129.169,785.598
178,413,414,425,75,50,-150,100,50,-150,100,50,-175,0.10139,0.645427,0.253182,-0.723691,-0.688863,-0.0417128,540.516,470.288,-129.169,611.904
179,444,443,432,25,50,-225,0,50,-225,0,50,-200,0.00644284,0.628409,0.365148,-0.782847,-0.609488,-0.125199,540.516,470.288,-129.169,700.546
180,489,488,196,125,25,-200,125,25,-175,125,0,-175,0.315122,0.13078,0.554098,-0.667678,-0.739404,-0.0865325,540.516,470.288,-129.169,620.74
181,352,351,340,-75,50,-25,-100,50,-25,-100,50,-0,0.405234,0.529294,0.0654715,-0.816032,-0.560888,0.139631,540.516,470.288,-129.169,779.342
182,399,400,411,0,50,-125,25,50,-125,25,50,-150,0.302939,0.280015,0.417046,-0.77727,-0.629131,-0.00676209,540.516,470.288,-129.169,688.282
184,341,340,329,-75,50,-0,-100,50,-0,-100,50,25,0.194932,0.361334,0.443734,-0.810777,-0.556531,0.181424,540.516,470.288,-129.169,796.906
185,354,355,366,-25,50,-25,0,50,-25,0,50,-50,0.108364,0.431783,0.459852,-0.776112,-0.615935,0.135185,540.516,470.288,-129.169,704.547
187,308,307,296,-75,50,75,-100,50,75,-100,50,100,0.481594,0.305388,0.213018,-0.788853,-0.55453,0.264969,540.516,470.288,-129.169,809.564
188,388,389,400,0,50,-100,25,50,-100,25,50,-125,0.351726,0.037605,0.610669,-0.776788,-0.629322,0.0235359,540.516,470.288,-129.169,671.18
189,360,349,481,125,50,-25,125,50,-0,125,25,-0,0.248625,0.550023,0.201353,-0.674967,-0.71032,0.199661,540.516,470.288,-129.169,622.615
190,255,256,267,-25,50,200,0,50,200,0,50,175,0.755103,0.0484918,0.196406,-0.710734,-0.569765,0.412583,540.516,470.288,-129.169,807.699
192,311,312,323,0,50,75,25,50,75,25,50,50,0.24332,0.319475,0.437205,-0.735767,-0.619114,0.274489,540.516,470.288,-129.169,729.859
193,293,294,305,100,50,125,125,50,125,125,50,100,0.134479,0.0737849,0.791736,-0.642824,-0.676375,0.359575,540.516,470.288,-129.169,649.184
194,255,254,236,-25,50,200,-50,50,200,-50,50,225,0.473982,0.493757,0.0322614,-0.720199,-0.558894,0.411037,540.516,470.288,-129.169,824.354
195,380,381,392,75,50,-75,100,50,-75,100,50,-100,0.689442,0.269554,0.0410043,-0.728307,-0.679607,0.0877706,540.516,470.288,-129.169,626.042
197,398,399,410,-25,50,-125,0,50,-125,0,50,-150,0.222827,0.269268,0.507905,-0.790023,-0.613004,-0.00953087,540.516,470.288,-129.169,687.339
199,304,303,292,100,50,100,75,50,100,75,50,125,0.701388,0.247906,0.0507062,-0.668949,-0.658139,0.345485,540.516,470.288,-129.169,681.88
200,408,409,420,-50,50,-150,-25,50,-150,-25,50,-175,0.435601,0.286116,0.278283,-0.805576,-0.591378,-0.0363249,540.516,470.288,-129.169,724.708
201,321,320,309,-25,50,50,-50,50,50,-50,50,75,0.0196142,0.68605,0.294335,-0.777171,-0.578707,0.24719,540.516,470.288,-129.169,774.415
202,300,299,288,0,50,100,-25,50,100,-25,50,125,0.358603,0.523337,0.11806,-0.744266,-0.590718,0.311642,540.516,470.288,-129.169,752.959
204,317,307,318,-125,50,75,-100,50,75,-100,50,50,0.240332,0.334966,0.424702,-0.80174,-0.546701,0.241518,540.516,470.288,-129.169,838.966
206,397,396,385,-50,50,-125,-75,50,-125,-75,50,-100,0.333816,0.131187,0.534997,-0.818168,-0.574382,0.0261945,540.516,470.288,-129.169,723.832
207,258,259,270,50,50,200,75,50,200,75,50,175,0.760347,0.0783856,0.161268,-0.658627,-0.60874,0.442319,540.516,470.288,-129.169,750.172
208,352,351,340,-75,50,-25,-100,50,-25,-100,50,-0,0.407898,0.523149,0.0689529,-0.815988,-0.560923,0.139745,540.516,470.288,-129.169,779.344
209,391,392,403,75,50,-100,100,50,-100,100,50,-125,0.065603,0.464472,0.469925,-0.721394,-0.691806,0.0315575,540.516,470.288,-129.169,616.848
211,489,488,196,125,25,-200,125,25,-175,125,0,-175,0.314952,0.130842,0.554205,-0.667676,-0.739407,-0.086523,540.516,470.288,-129.169,620.74
213,358,357,346,75,50,-25,50,50,-25,50,50,-0,0.561993,0.154599,0.283408,-0.729494,-0.66164,0.17341,540.516,470.288,-129.169,671.267
214,393,382,484,125,50,-100,125,50,-75,125,25,-75,0.114725,0.313641,0.571633,-0.683569,-0.724952,0.0847215,540.516,470.288,-129.169,610.32
215,261,250,472,125,50,200,125,50,225,125,25,225,0.468382,0.337127,0.194491,-0.591152,-0.644471,0.484971,540.516,470.288,-129.169,727.647
216,394,384,395,-125,50,-100,-100,50,-100,-100,50,-125,0.121863,0.486975,0.391163,-0.832962,-0.552638,0.0276729,540.516,470.288,-129.169,777.105
221,472,473,261,125,25,225,125,25,200,125,50,200,0.160113,0.542579,0.297308,-0.588001,-0.658932,0.469109,540.516,470.288,-129.169,723.75
222,258,259,270,50,50,200,75,50,200,75,50,175,0.0476574,0.542407,0.409936,-0.647612,-0.620366,0.44243,540.516,470.288,-129.169,743.747
224,324,323,312,50,50,50,25,50,50,25,50,75,0.488789,0.12939,0.381821,-0.725118,-0.631888,0.273717,540.516,470.288,-129.169,708.565
225,285,286,297,-100,50,125,-75,50,125,-75,50,100,0.324683,0.384514,0.290803,-0.77505,-0.552005,0.307551,540.516,470.288,-129.169,812.32
226,346,345,334,50,50,-0,25,50,-0,25,50,25,0.455975,0.242808,0.301217,-0.741765,-0.638978,0.203693,540.516,470.288,-129.169,694.728
227,486,487,415,125,25,-125,125,25,-150,125,50,-150,0.396569,0.0685309,0.5349,-0.691714,-0.721969,-0.0170612,540.516,470.288,-129.169,604.16
228,381,382,393,100,50,-75,125,50,-75,125,50,-100,0.624534,0.0968018,0.278665,-0.708957,-0.700616,0.0807269,540.516,470.288,-129.169,615.646
230,394,384,395,-125,50,-100,-100,50,-100,-100,50,-125,0.110283,0.512315,0.377402,-0.832837,-0.5528,0.0281702,540.516,470.288,-129.169,773.999
231,332,333,344,-25,50,25,0,50,25,0,50,-0,0.871306,0.0781641,0.0505298,-0.772022,-0.59909,0.212303,540.516,470.288,-129.169,730.466
232,273,263,274,-125,50,175,-100,50,175,-100,50,150,0.00814694,0.0840814,0.907772,-0.771602,-0.537895,0.339557,540.516,470.288,-129.169,851.9
233,356,357,368,25,50,-25,50,50,-25,50,50,-50,0.466262,0.0571124,0.476625,-0.751676,-0.644255,0.141136,540.516,470.288,-129.169,677.937
235,487,486,174,125,25,-150,125,25,-125,125,0,-125,0.0327789,0.410887,0.556334,-0.668153,-0.744017,0.00325795,540.516,470.288,-129.169,613.327
237,375,376,387,-50,50,-75,-25,50,-75,-25,50,-100,0.176704,0.319408,0.503888,-0.798353,-0.599117,0.0607567,540.516,470.288,-129.169,707.515
239,490,491,459,125,25,-225,125,25,-250,125,50,-250,0.185197,0.503924,0.310879,-0.676213,-0.71226,-0.18821,540.516,470.288,-129.169,601.366
240,245,247,248,75,50,250,100,50,250,100,50,225,0.379236,0.270624,0.35014,-0.610649,-0.611258,0.50346,540.516,470.288,-129.169,761.882
241,422,421,410,25,50,-175,0,50,-175,0,50,-150,0.422739,0.564901,0.0123602,-0.780903,-0.621242,-0.0651779,540.516,470.288,-129.169,679.092
243,263,273,262,-100,50,175,-125,50,175,-125,50,200,0.361909,0.0370624,0.601028,-0.765653,-0.524098,0.372957,540.516,470.288,-129.169,870.317
244,300,301,312,0,50,100,25,50,100,25,50,75,0.280691,0.391689,0.32762,-0.72694,-0.613299,0.308906,540.516,470.288,-129.169,741.525
247,343,342,331,-25,50,-0,-50,50,-0,-50,50,25,0.255496,0.663419,0.0810852,-0.789078,-0.587421,0.179702,540.516,470.288,-129.169,743.465
248,338,327,479,125,50,25,125,50,50,125,25,50,0.0866156,0.20157,0.711814,-0.648601,-0.71005,0.274127,540.516,470.288,-129.169,649.315
251,489,488,196,125,25,-200,125,25,-175,125,0,-175,0.316088,0.130548,0.553364,-0.667692,-0.739386,-0.0865729,540.516,470.288,-129.169,620.743
252,207,218,490,125,0,-200,125,0,-225,125,25,-225,0.556643,0.196292,0.247065,-0.661128,-0.73906,-0.129229,540.516,470.288,-129.169,618.34
253,316,315,304,125,50,75,100,50,75,100,50,100,0.444857,0.4869,0.0682428,-0.662614,-0.677526,0.319221,540.516,470.288,-129.169,659.802
256,488,487,185,125,25,-175,125,25,-150,125,0,-150,0.887509,0.0835596,0.0289319,-0.67933,-0.730529,-0.0695581,540.516,470.288,-129.169,611.076
257,344,343,332,0,50,-0,-25,50,-0,-25,50,25,0.200098,0.329105,0.470798,-0.774252,-0.601387,0.197146,540.516,470.288,-129.169,726.134
261,414,413,402,100,50,-150,75,50,-150,75,50,-125,0.0921826,0.428842,0.478976,-0.738496,-0.67416,-0.0114626,540.516,470.288,-129.169,640.321
262,437,436,425,125,50,-200,100,50,-200,100,50,-175,0.62063,0.204378,0.174992,-0.706686,-0.699118,-0.108764,540.516,470.288,-129.169,590.021
263,242,244,258,25,50,225,50,50,225,50,50,200,0.213417,0.0121209,0.774462,-0.663032,-0.599507,0.448308,540.516,470.288,-129.169,762.419
264,236,238,255,-50,50,225,-25,50,225,-25,50,200,0.464421,0.413937,0.121641,-0.710836,-0.554851,0.432265,540.516,470.288,-129.169,824.715
265,473,474,272,125,25,200,125,25,175,125,50,175,0.754099,0.0306879,0.215214,-0.59139,-0.664138,0.45736,540.516,470.288,-129.169,715.551
266,287,286,275,-50,50,125,-75,50,125,-75,50,150,0.331116,0.554556,0.114328,-0.763228,-0.558772,0.324432,540.516,470.288,-129.169,819.467
267,345,346,357,25,50,-0,50,50,-0,50,50,-25,0.223853,0.0995523,0.676595,-0.742756,-0.647348,0.171035,540.516,470.288,-129.169,679.488
268,403,404,415,100,50,-125,125,50,-125,125,50,-150,0.376534,0.467219,0.156247,-0.708788,-0.705415,0.0031953,540.516,470.288,-129.169,596.867
269,324,323,312,50,50,50,25,50,50,25,50,75,0.489343,0.128433,0.382224,-0.725103,-0.6319,0.27373,540.516,470.288,-129.169,708.568
270,358,359,370,75,50,-25,100,50,-25,100,50,-50,0.279312,0.52366,0.197029,-0.711306,-0.684276,0.160657,540.516,470.288,-129.169,637.528
271,434,433,422,50,50,-200,25,50,-200,25,50,-175,0.124475,0.606475,0.26905,-0.769241,-0.631814,-0.0952844,540.516,470.288,-129.169,661.165
275,398,399,410,-25,50,-125,0,50,-125,0,50,-150,0.2227,0.269374,0.507926,-0.790022,-0.613005,-0.00953073,540.516,470.288,-129.169,687.339
277,435,434,423,75,50,-200,50,50,-200,50,50,-175,0.371868,0.4859,0.142232,-0.748806,-0.654591,-0.103926,540.516,470.288,-129.169,631.962
278,306,296,307,-125,50,100,-100,50,100,-100,50,75,0.289336,0.0382514,0.672413,-0.796803,-0.543902,0.263204,540.516,470.288,-129.169,817.156
280,233,235,236,-75,50,250,-50,50,250,-50,50,225,0.156992,0.56096,0.282048,-0.712529,-0.541251,0.446486,540.516,470.288,-129.169,859.141
281,281,280,269,75,50,150,50,50,150,50,50,175,0.26165,0.299131,0.439218,-0.673147,-0.619498,0.403851,540.516,470.288,-129.169,745.254
283,282,283,294,100,50,150,125,50,150,125,50,125,0.926711,0.00584778,0.0674408,-0.642318,-0.649715,0.406569,540.516,470.288,-129.169,693.338
284,262,252,263,-125,50,200,-100,50,200,-100,50,175,0.287161,0.215729,0.49711,-0.76231,-0.528562,0.373504,540.516,470.288,-129.169,859.548
286,282,283,294,100,50,150,125,50,150,125,50,125,0.104522,0.160784,0.734694,-0.631215,-0.66875,0.392863,540.516,470.288,-129.169,668.384
287,316,315,304,125,50,75,100,50,75,100,50,100,0.25825,0.234199,0.507551,-0.662618,-0.671202,0.332302,540.516,470.288,-129.169,665.829
288,280,279,268,50,50,150,25,50,150,25,50,175,0.306606,0.572634,0.12076,-0.693678,-0.607752,0.386585,540.516,470.288,-129.169,749.151
289,309,308,297,-50,50,75,-75,50,75,-75,50,100,0.0338843,0.45685,0.509266,-0.780053,-0.561092,0.276937,540.516,470.288,-129.169,791.336
290,292,293,304,75,50,125,100,50,125,100,50,100,0.430804,0.380737,0.188459,-0.663985,-0.65077,0.368268,540.516,470.288,-129.169,688.475
291,357,358,369,50,50,-25,75,50,-25,75,50,-50,0.0694324,0.535636,0.394931,-0.727317,-0.669716,0.149968,540.516,470.288,-129.169,651.163
293,244,242,241,50,50,225,25,50,225,25,50,250,0.660551,0.250984,0.088465,-0.65591,-0.591225,0.469292,540.516,470.288,-129.169,778.428
294,488,489,437,125,25,-175,125,25,-200,125,50,-200,0.0285828,0.471394,0.500023,-0.687747,-0.716817,-0.114794,540.516,470.288,-129.169,594.936
295,474,475,283,125,25,175,125,25,150,125,50,150,0.763964,0.093255,0.142781,-0.600759,-0.675498,0.427541,540.516,470.288,-129.169,712.171
296,477,476,64,125,25,100,125,25,125,125,0,125,0.42555,0.309171,0.26528,-0.616265,-0.702376,0.35621,540.516,470.288,-129.169,690.371
298,244,242,241,50,50,225,25,50,225,25,50,250,0.663275,0.248856,0.0878693,-0.65587,-0.591262,0.469302,540.516,470.288,-129.169,778.435
299,425,426,437,100,50,-175,125,50,-175,125,50,-200,0.433743,0.019519,0.546738,-0.708621,-0.698881,-0.0970692,540.516,470.288,-129.169,592.692
300,357,356,345,50,50,-25,25,50,-25,25,50,-0,0.0601001,0.881541,0.0583585,-0.755928,-0.635261,0.158165,540.516,470.288,-129.169,686.471
301,259,260,271,75,50,200,100,50,200,100,50,175,0.159546,0.337136,0.503318,-0.630091,-0.633401,0.449209,540.516,470.288,-129.169,729.184
304,369,370,381,75,50,-50,100,50,-50,100,50,-75,0.169235,0.527146,0.30362,-0.715441,-0.688597,0.118232,540.516,470.288,-129.169,626.099
305,385,384,373,-75,50,-100,-100,50,-100,-100,50,-75,0.338264,0.560859,0.100877,-0.827605,-0.559588,0.0439357,540.516,470.288,-129.169,764.637
306,338,337,326,125,50,25,100,50,25,100,50,50,0.0420324,0.652227,0.30574,-0.686918,-0.680554,0.25493,540.516,470.288,-129.169,648.769
307,312,311,300,25,50,75,0,50,75,0,50,100,0.621846,0.170906,0.207249,-0.732526,-0.61421,0.293516,540.516,470.288,-129.169,748.237
308,366,365,354,0,50,-50,-25,50,-50,-25,50,-25,0.229863,0.11521,0.654927,-0.784548,-0.60483,0.136617,540.516,470.288,-129.169,724.933
309,406,407,418,-100,50,-150,-75,50,-150,-75,50,-175,0.0586914,0.711953,0.229356,-0.823845,-0.565848,-0.0330874,540.516,470.288,-129.169,753.158
310,294,293,282,125,50,125,100,50,125,100,50,150,0.223804,0.484686,0.291511,-0.645499,-0.657307,0.388946,540.516,470.288,-129.169,693.628
311,347,346,335,75,50,-0,50,50,-0,50,50,25,0.509207,0.0568054,0.433988,-0.7229,-0.656929,0.214148,540.516,470.288,-129.169,670.003
312,398,399,410,-25,50,-125,0,50,-125,0,50,-150,0.23103,0.258702,0.510267,-0.790114,-0.612884,-0.00963248,540.516,470.288,-129.169,687.347
313,316,315,304,125,50,75,100,50,75,100,50,100,0.444738,0.485978,0.0692841,-0.662608,-0.677513,0.319259,540.516,470.288,-129.169,659.808
314,310,309,298,-25,50,75,-50,50,75,-50,50,100,0.160793,0.40796,0.431246,-0.766437,-0.576779,0.282667,540.516,470.288,-129.169,782.453
316,437,436,425,125,50,-200,100,50,-200,100,50,-175,0.0841895,0.264881,0.65093,-0.718687,-0.689809,-0.0874789,540.516,470.288,-129.169,604.234
317,332,333,344,-25,50,25,0,50,25,0,50,-0,0.153506,0.407965,0.438529,-0.764575,-0.611517,0.203648,540.516,470.288,-129.169,713.402
319,258,259,270,50,50,200,75,50,200,75,50,175,0.561152,0.299,0.139848,-0.654586,-0.611226,0.444882,540.516,470.288,-129.169,750.215
321,419,420,431,-50,50,-175,-25,50,-175,-25,50,-200,0.139272,0.530228,0.330499,-0.801207,-0.593753,-0.0743345,540.516,470.288,-129.169,715.392
322,426,415,487,125,50,-175,125,50,-150,125,25,-150,0.351932,0.0861816,0.561886,-0.689428,-0.722753,-0.0481369,540.516,470.288,-129.169,608.868
323,364,363,352,-50,50,-50,-75,50,-50,-75,50,-25,0.134409,0.20984,0.655751,-0.809749,-0.572371,0.12922,540.516,470.288,-129.169,757.081
324,326,327,338,100,50,50,125,50,50,125,50,25,0.109955,0.260419,0.629626,-0.668473,-0.696114,0.261856,540.516,470.288,-129.169,633.909
325,356,357,368,25,50,-25,50,50,-25,50,50,-50,0.162338,0.773404,0.0642578,-0.744123,-0.649303,0.157119,540.516,470.288,-129.169,675.778
326,382,371,483,125,50,-75,125,50,-50,125,25,-50,0.418604,0.289339,0.292057,-0.685755,-0.718796,0.114335,540.516,470.288,-129.169,610.882
329,248,246,245,100,50,225,75,50,225,75,50,250,0.572283,0.198316,0.229401,-0.617081,-0.614697,0.491282,540.516,470.288,-129.169,751.236
330,322,321,310,0,50,50,-25,50,50,-25,50,75,0.0525049,0.672631,0.274864,-0.763461,-0.594026,0.253497,540.516,470.288,-129.169,736.906
331,348,347,336,100,50,-0,75,50,-0,75,50,25,0.305364,0.471209,0.223427,-0.709683,-0.672025,0.211499,540.516,470.288,-129.169,649.338
332,281,282,293,75,50,150,100,50,150,100,50,125,0.125607,0.0127558,0.861638,-0.654447,-0.653089,0.381017,540.516,470.288,-129.169,689.858
333,424,425,436,75,50,-175,100,50,-175,100,50,-200,0.102281,0.611889,0.285829,-0.722352,-0.686344,-0.0844911,540.516,470.288,-129.169,604.63
334,300,301,312,0,50,100,25,50,100,25,50,75,0.240535,0.432155,0.327311,-0.726239,-0.613929,0.309303,540.516,470.288,-129.169,738.492
335,314,313,302,75,50,75,50,50,75,50,50,100,0.401544,0.399547,0.198909,-0.702322,-0.642216,0.307087,540.516,470.288,-129.169,699.02
336,487,486,174,125,25,-150,125,25,-125,125,0,-125,0.454432,0.0594269,0.486141,-0.670198,-0.742069,-0.0129719,540.516,470.288,-129.169,611.953
338,310,311,322,-25,50,75,0,50,75,0,50,50,0.199192,0.0774329,0.723375,-0.752709,-0.605404,0.258677,540.516,470.288,-129.169,731.456
339,317,307,318,-125,50,75,-100,50,75,-100,50,50,0.242195,0.334297,0.423508,-0.801748,-0.546683,0.241533,540.516,470.288,-129.169,838.969
340,313,312,301,50,50,75,25,50,75,25,50,100,0.159248,0.518381,0.322371,-0.722615,-0.622189,0.301178,540.516,470.288,-129.169,720.74
341,409,410,421,-25,50,-150,0,50,-150,0,50,-175,0.926372,0.0427563,0.0308716,-0.799341,-0.600217,-0.0281467,540.516,470.288,-129.169,701.214
342,401,400,389,50,50,-125,25,50,-125,25,50,-100,0.445057,0.184583,0.37036,-0.764973,-0.64364,0.0233255,540.516,470.288,-129.169,664.398
345,381,380,369,100,50,-75,75,50,-75,75,50,-50,0.403088,0.0878427,0.509069,-0.724378,-0.68062,0.109696,540.516,470.288,-129.169,635.481
346,478,477,75,125,25,75,125,25,100,125,0,100,0.0410682,0.83712,0.121812,-0.624204,-0.704551,0.337605,540.516,470.288,-129.169,669.095
347,268,267,256,25,50,175,0,50,175,0,50,200,0.166836,0.622419,0.210745,-0.702078,-0.585416,0.405431,540.516,470.288,-129.169,787.666
348,486,487,415,125,25,-125,125,25,-150,125,50,-150,0.849363,0.109216,0.0414209,-0.680765,-0.732502,0.000245716,540.516,470.288,-129.169,606.546
349,185,196,488,125,0,-150,125,0,-175,125,25,-175,0.151172,0.374419,0.474409,-0.669063,-0.740098,-0.0678881,540.516,470.288,-129.169,605.037
350,421,422,433,0,50,-175,25,50,-175,25,50,-200,0.261216,0.331968,0.406816,-0.775745,-0.625727,-0.0817651,540.516,470.288,-129.169,676.944
351,369,370,381,75,50,-50,100,50,-50,100,50,-75,0.835522,0.100529,0.0639484,-0.726937,-0.675169,0.125334,540.516,470.288,-129.169,638.445
352,236,238,255,-50,50,225,-25,50,225,-25,50,200,0.584683,0.140079,0.275239,-0.714148,-0.55434,0.427434,540.516,470.288,-129.169,820.946
353,488,487,185,125,25,-175,125,25,-150,125,0,-150,0.888159,0.0815637,0.0302771,-0.679297,-0.730556,-0.0695893,540.516,470.288,-129.169,611.084
354,360,359,348,125,50,-25,100,50,-25,100,50,-0,0.539922,0.145275,0.314803,-0.691471,-0.698584,0.183982,540.516,470.288,-129.169,609.612
355,488,487,185,125,25,-175,125,25,-150,125,0,-150,0.319152,0.26211,0.418738,-0.671673,-0.739353,-0.0470384,540.516,470.288,-129.169,615.338
356,336,337,348,75,50,25,100,50,25,100,50,-0,0.00141722,0.140267,0.858316,-0.696709,-0.685137,0.212564,540.516,470.288,-129.169,630.072
357,413,414,425,75,50,-150,100,50,-150,100,50,-175,0.612196,0.101816,0.285988,-0.733287,-0.67859,-0.0424985,540.516,470.288,-129.169,617.359
358,378,379,390,25,50,-75,50,50,-75,50,50,-100,0.400709,0.257004,0.342287,-0.758921,-0.64718,0.0720863,540.516,470.288,-129.169,681.377
359,480,481,349,125,25,25,125,25,-0,125,50,-0,0.0316071,0.9192,0.0491931,-0.658381,-0.724535,0.203921,540.516,470.288,-129.169,628.223
360,320,321,332,-50,50,50,-25,50,50,-25,50,25,0.229543,0.59356,0.176897,-0.770684,-0.591269,0.237586,540.516,470.288,-129.169,735.061
361,119,130,482,125,0,-0,125,0,-25,125,25,-25,0.353782,0.0532285,0.59299,-0.654218,-0.736174,0.173341,540.516,470.288,-129.169,641.099
362,420,419,408,-25,50,-175,-50,50,-175,-50,50,-150,0.119729,0.845704,0.0345667,-0.810749,-0.582315,-0.0599598,540.516,470.288,-129.169,713.016
364,290,289,278,25,50,125,0,50,125,0,50,150,0.423591,0.119372,0.457037,-0.715441,-0.598766,0.360032,540.516,470.288,-129.169,756.886
366,425,424,413,100,50,-175,75,50,-175,75,50,-150,0.332628,0.220298,0.447073,-0.734208,-0.676828,-0.0533207,540.516,470.288,-129.169,619.256
368,409,408,397,-25,50,-150,-50,50,-150,-50,50,-125,0.32238,0.606428,0.0711914,-0.808386,-0.588164,-0.0239875,540.516,470.288,-129.169,727.779
369,344,345,356,0,50,-0,25,50,-0,25,50,-25,0.432488,0.360551,0.206961,-0.758948,-0.625353,0.18147,540.516,470.288,-129.169,694.643
371,338,337,326,125,50,25,100,50,25,100,50,50,0.0399634,0.0322613,0.927775,-0.681635,-0.677092,0.277345,540.516,470.288,-129.169,653.608
372,292,291,280,75,50,125,50,50,125,50,50,150,0.37564,0.331323,0.293038,-0.682936,-0.629033,0.37137,540.516,470.288,-129.169,719.034
373,389,390,401,25,50,-100,50,50,-100,50,50,-125,0.0788221,0.470336,0.450842,-0.757093,-0.652603,0.0303282,540.516,470.288,-129.169,655.24
374,491,490,218,125,25,-250,125,25,-225,125,0,-225,0.79702,0.0190497,0.183931,-0.666689,-0.721983,-0.185111,540.516,470.288,-129.169,626.837
375,277,276,265,-25,50,150,-50,50,150,-50,50,175,0.108555,0.764362,0.127083,-0.743776,-0.564541,0.357897,540.516,470.288,-129.169,808.81
376,345,344,333,25,50,-0,0,50,-0,0,50,25,0.458879,0.0635663,0.477554,-0.756155,-0.621698,0.20426,540.516,470.288,-129.169,704.421
377,369,368,357,75,50,-50,50,50,-50,50,50,-25,0.503807,0.255247,0.240946,-0.736838,-0.662607,0.134248,540.516,470.288,-129.169,655.197
378,422,423,434,25,50,-175,50,50,-175,50,50,-200,0.0425402,0.55553,0.40193,-0.75672,-0.648249,-0.0845498,540.516,470.288,-129.169,645.84
381,395,396,407,-100,50,-125,-75,50,-125,-75,50,-150,0.107024,0.291835,0.601141,-0.824339,-0.565969,-0.0120205,540.516,470.288,-129.169,750.268
382,490,489,207,125,25,-225,125,25,-200,125,0,-200,0.135486,0.477201,0.387313,-0.669222,-0.733464,-0.119045,540.516,470.288,-129.169,607.387
383,287,286,275,-50,50,125,-75,50,125,-75,50,150,0.0668848,0.430401,0.502714,-0.763501,-0.553626,0.332513,540.516,470.288,-129.169,817.104
385,324,325,336,50,50,50,75,50,50,75,50,25,0.146766,0.0118621,0.841371,-0.710748,-0.660278,0.242632,540.516,470.288,-129.169,668.101
386,400,401,412,25,50,-125,50,50,-125,50,50,-150,0.198102,0.114838,0.68706,-0.760452,-0.649157,-0.0175542,540.516,470.288,-129.169,647.638
387,338,327,479,125,50,25,125,50,50,125,25,50,0.101789,0.181269,0.716942,-0.64865,-0.710238,0.273524,540.516,470.288,-129.169,649.25
388,485,484,152,125,25,-100,125,25,-75,125,0,-75,0.150497,0.406704,0.442799,-0.665678,-0.742131,0.0781987,540.516,470.288,-129.169,623.234
389,412,413,424,50,50,-150,75,50,-150,75,50,-175,0.198983,0.790199,0.0108179,-0.743869,-0.667601,-0.0311041,540.516,470.288,-129.169,636.253
390,392,393,404,100,50,-100,125,50,-100,125,50,-125,0.0533423,0.460825,0.485833,-0.700871,-0.712643,0.0303411,540.516,470.288,-129.169,597.425
391,320,321,332,-50,50,50,-25,50,50,-25,50,25,0.00345701,0.29077,0.705773,-0.771367,-0.596191,0.222595,540.516,470.288,-129.169,733.484
392,163,174,486,125,0,-100,125,0,-125,125,25,-125,0.259671,0.282131,0.458198,-0.667975,-0.744009,0.0161179,540.516,470.288,-129.169,606.436
393,404,393,485,125,50,-125,125,50,-100,125,25,-100,0.103442,0.75064,0.145918,-0.695754,-0.716825,0.0456924,540.516,470.288,-129.169,603.597
394,394,384,395,-125,50,-100,-100,50,-100,-100,50,-125,0.111526,0.509636,0.378838,-0.832854,-0.552777,0.0281236,540.516,470.288,-129.169,777.071
395,478,479,327,125,25,75,125,25,50,125,50,50,0.435505,0.529828,0.0346667,-0.63979,-0.711752,0.289962,540.516,470.288,-129.169,665.957
396,358,357,346,75,50,-25,50,50,-25,50,50,-0,0.562218,0.150374,0.287408,-0.729467,-0.661638,0.173532,540.516,470.288,-129.169,671.274
397,196,207,489,125,0,-175,125,0,-200,125,25,-200,0.141852,0.554888,0.303261,-0.663507,-0.740332,-0.108008,540.516,470.288,-129.169,618.518
398,433,432,421,25,50,-200,0,50,-200,0,50,-175,0.540652,0.45129,0.00805786,-0.777029,-0.620862,-0.103711,540.516,470.288,-129.169,705.684
399,261,250,472,125,50,200,125,50,225,125,25,225,0.0433393,0.711457,0.245204,-0.585561,-0.641458,0.495631,540.516,470.288,-129.169,731.874
400,414,413,402,100,50,-150,75,50,-150,75,50,-125,0.0926672,0.42864,0.478693,-0.738491,-0.674165,-0.0114764,540.516,470.288,-129.169,640.323
401,391,392,403,75,50,-100,100,50,-100,100,50,-125,0.35238,0.60075,0.0468698,-0.725886,-0.686112,0.0483804,540.516,470.288,-129.169,621.969
402,481,482,360,125,25,-0,125,25,-25,125,50,-25,0.0598914,0.129354,0.810754,-0.679712,-0.712913,0.172473,540.516,470.288,-129.169,608.511
403,293,292,281,100,50,125,75,50,125,75,50,150,0.313733,0.577899,0.108369,-0.666077,-0.644771,0.374983,540.516,470.288,-129.169,703.355
404,427,417,428,-125,50,-175,-100,50,-175,-100,50,-200,0.0802051,0.433346,0.486449,-0.833415,-0.547791,-0.0731134,540.516,470.288,-129.169,776.372
405,435,434,423,75,50,-200,50,50,-200,50,50,-175,0.136617,0.40311,0.460272,-0.753575,-0.651077,-0.0906873,540.516,470.288,-129.169,636.346
406,390,391,402,50,50,-100,75,50,-100,75,50,-125,0.371224,0.394697,0.234079,-0.744381,-0.666581,0.0395887,540.516,470.288,-129.169,648.455
407,397,396,385,-50,50,-125,-75,50,-125,-75,50,-100,0.718101,0.114312,0.167587,-0.814588,-0.579864,0.0142791,540.516,470.288,-129.169,729.366
408,246,244,243,75,50,225,50,50,225,50,50,250,0.181254,0.0703913,0.748355,-0.638758,-0.592949,0.490306,540.516,470.288,-129.169,796.27
410,292,291,280,75,50,125,50,50,125,50,50,150,0.0234179,0.569555,0.407027,-0.688055,-0.62311,0.371906,540.516,470.288,-129.169,722.951
411,414,415,426,100,50,-150,125,50,-150,125,50,-175,0.164504,0.718011,0.117484,-0.704808,-0.708377,-0.0380455,540.516,470.288,-129.169,589.691
412,244,246,259,50,50,225,75,50,225,75,50,200,0.582903,0.294435,0.122662,-0.643799,-0.602572,0.471626,540.516,470.288,-129.169,778.203
413,486,485,163,125,25,-125,125,25,-100,125,0,-100,0.601908,0.362126,0.0359656,-0.678165,-0.734562,0.0225884,540.516,470.288,-129.169,604.688
415,311,310,299,0,50,75,-25,50,75,-25,50,100,0.186165,0.134985,0.678851,-0.750294,-0.590523,0.297221,540.516,470.288,-129.169,767.091
417,326,327,338,100,50,50,125,50,50,125,50,25,0.109104,0.260478,0.630418,-0.668462,-0.696134,0.261831,540.516,470.288,-129.169,633.908
418,422,421,410,25,50,-175,0,50,-175,0,50,-150,0.23115,0.177895,0.590955,-0.783816,-0.619495,-0.0431124,540.516,470.288,-129.169,677.85
419,364,365,376,-50,50,-50,-25,50,-50,-25,50,-75,0.396145,0.177018,0.426837,-0.797545,-0.595314,0.0975907,540.516,470.288,-129.169,731.56
422,412,413,424,50,50,-150,75,50,-150,75,50,-175,0.334166,0.111743,0.554091,-0.746129,-0.663737,-0.0523876,540.516,470.288,-129.169,637.934
424,333,334,345,0,50,25,25,50,25,25,50,-0,0.612019,0.246365,0.141616,-0.754558,-0.619482,0.216528,540.516,470.288,-129.169,705.448
425,327,316,478,125,50,50,125,50,75,125,25,75,0.220579,0.371261,0.40816,-0.646593,-0.698355,0.306948,540.516,470.288,-129.169,646.77
426,424,425,436,75,50,-175,100,50,-175,100,50,-200,0.450878,0.30277,0.246352,-0.729107,-0.679479,-0.0819219,540.516,470.288,-129.169,607.949
428,268,267,256,25,50,175,0,50,175,0,50,200,0.293433,0.134355,0.572213,-0.696374,-0.584553,0.416367,540.516,470.288,-129.169,785.592
431,260,261,272,100,50,200,125,50,200,125,50,175,0.149511,0.206601,0.643889,-0.609798,-0.649343,0.454422,540.516,470.288,-129.169,707.136
433,325,326,337,75,50,50,100,50,50,100,50,25,0.891895,0.102505,0.00560059,-0.699392,-0.660637,0.272781,540.516,470.288,-129.169,672.085
434,423,424,435,50,50,-175,75,50,-175,75,50,-200,0.335856,0.285388,0.378757,-0.744865,-0.661794,-0.0848881,540.516,470.288,-129.169,637.209
438,296,306,295,-100,50,100,-125,50,100,-125,50,125,0.871711,0.0312671,0.0970215,-0.789207,-0.543871,0.285231,540.516,470.288,-129.169,821.444
440,485,484,152,125,25,-100,125,25,-75,125,0,-75,0.150222,0.406861,0.442917,-0.665678,-0.742129,0.0782093,540.516,470.288,-129.169,623.233
441,402,403,414,75,50,-125,100,50,-125,100,50,-150,0.249111,0.445897,0.304992,-0.726219,-0.687457,-0.00293974,540.516,470.288,-129.169,616.127
442,307,308,319,-100,50,75,-75,50,75,-75,50,50,0.825996,0.148121,0.0258826,-0.794212,-0.551039,0.256094,540.516,470.288,-129.169,817.846
443,119,130,482,125,0,-0,125,0,-25,125,25,-25,0.143646,0.0073877,0.848966,-0.660171,-0.73193,0.168679,540.516,470.288,-129.169,640.03
444,473,472,20,125,25,200,125,25,225,125,0,225,0.595366,0.38103,0.0236047,-0.58112,-0.663138,0.47175,540.516,470.288,-129.169,735.906
445,276,275,264,-50,50,150,-75,50,150,-75,50,175,0.511128,0.130119,0.358753,-0.749582,-0.555992,0.359166,540.516,470.288,-129.169,819.838
446,252,253,264,-100,50,200,-75,50,200,-75,50,175,0.11738,0.864063,0.0185565,-0.743043,-0.540015,0.395311,540.516,470.288,-129.169,855.396
448,396,397,408,-75,50,-125,-50,50,-125,-50,50,-150,0.322268,0.117075,0.560657,-0.815842,-0.578167,-0.011116,540.516,470.288,-129.169,735.268
449,485,486,404,125,25,-100,125,25,-125,125,50,-125,0.113012,0.720622,0.166366,-0.682897,-0.730419,0.011794,540.516,470.288,-129.169,604.591
451,483,482,130,125,25,-50,125,25,-25,125,0,-25,0.249962,0.38852,0.361517,-0.658545,-0.736928,0.152494,540.516,470.288,-129.169,639.869
452,393,382,484,125,50,-100,125,50,-75,125,25,-75,0.480362,0.225256,0.294382,-0.690468,-0.719894,0.0707608,540.516,470.288,-129.169,606.619
453,349,338,480,125,50,-0,125,50,25,125,25,25,0.151547,0.642947,0.205505,-0.666457,-0.705401,0.241338,540.516,470.288,-129.169,625.23
454,489,490,448,125,25,-200,125,25,-225,125,50,-225,0.172837,0.546559,0.280604,-0.680218,-0.717707,-0.148997,540.516,470.288,-129.169,601.337
455,246,248,260,75,50,225,100,50,225,100,50,200,0.850854,0.117215,0.0319305,-0.628521,-0.611124,0.481134,540.516,470.288,-129.169,753.12
456,332,331,320,-25,50,25,-50,50,25,-50,50,50,0.197034,0.728372,0.0745941,-0.783329,-0.584635,0.211183,540.516,470.288,-129.169,749.986
458,237,239,240,-25,50,250,0,50,250,0,50,225,0.0595655,0.65408,0.286354,-0.680056,-0.56514,0.467055,540.516,470.288,-129.169,816.809
460,422,423,434,25,50,-175,50,50,-175,50,50,-200,0.49396,0.439364,0.066676,-0.764558,-0.640709,-0.0703062,540.516,470.288,-129.169,654.265
461,263,273,262,-100,50,175,-125,50,175,-125,50,200,0.361733,0.0371563,0.60111,-0.765655,-0.524095,0.372956,540.516,470.288,-129.169,870.317
462,234,236,254,-75,50,225,-50,50,225,-50,50,200,0.18084,0.750731,0.0684296,-0.720849,-0.545826,0.427142,540.516,470.288,-129.169,854.453
463,289,290,301,0,50,125,25,50,125,25,50,100,0.0653515,0.323951,0.610697,-0.716559,-0.613148,0.332556,540.516,470.288,-129.169,730.376
465,371,370,359,125,50,-50,100,50,-50,100,50,-25,0.202081,0.078898,0.719021,-0.702358,-0.693683,0.159679,540.516,470.288,-129.169,623.01
466,459,448,490,125,50,-250,125,50,-225,125,25,-225,0.234559,0.392847,0.372594,-0.68537,-0.708856,-0.166708,540.516,470.288,-129.169,592.615
467,163,174,486,125,0,-100,125,0,-125,125,25,-125,0.577684,0.004621,0.417695,-0.666634,-0.744865,0.0278361,540.516,470.288,-129.169,614.365
468,263,264,275,-100,50,175,-75,50,175,-75,50,150,0.777786,0.028587,0.193627,-0.762316,-0.53804,0.359703,540.516,470.288,-129.169,858.703
469,405,395,406,-125,50,-125,-100,50,-125,-100,50,-150,0.558479,0.00439023,0.437131,-0.838601,-0.544713,-0.00601429,540.516,470.288,-129.169,785.069
470,349,348,337,125,50,-0,100,50,-0,100,50,25,0.515324,0.0328534,0.451823,-0.683932,-0.693427,0.226708,540.516,470.288,-129.169,626.184
474,433,432,421,25,50,-200,0,50,-200,0,50,-175,0.0924609,0.868334,0.0392047,-0.783453,-0.613112,-0.101467,540.516,470.288,-129.169,707.388
476,261,260,248,125,50,200,100,50,200,100,50,225,0.195924,0.402935,0.401141,-0.612863,-0.6296,0.477496,540.516,470.288,-129.169,730.793
477,470,472,250,125,25,250,125,25,225,125,50,225,0.687697,0.0809015,0.231401,-0.571045,-0.644975,0.507854,540.516,470.288,-129.169,752.214
479,315,314,303,100,50,75,75,50,75,75,50,100,0.343268,0.495974,0.160759,-0.684556,-0.658091,0.313527,540.516,470.288,-129.169,670.171
480,365,366,377,-25,50,-50,0,50,-50,0,50,-75,0.412498,0.376472,0.211031,-0.783796,-0.611589,0.107804,540.516,470.288,-129.169,701.962
482,250,248,247,125,50,225,100,50,225,100,50,250,0.241056,0.0679889,0.690955,-0.597403,-0.618836,0.510051,540.516,470.288,-129.169,745.819
483,369,368,357,75,50,-50,50,50,-50,50,50,-25,0.283916,0.0469189,0.669165,-0.738349,-0.657637,0.149515,540.516,470.288,-129.169,667.716
484,267,266,255,0,50,175,-25,50,175,-25,50,200,0.158066,0.448467,0.393466,-0.716182,-0.571235,0.400967,540.516,470.288,-129.169,820.297
485,337,336,325,100,50,25,75,50,25,75,50,50,0.318605,0.601669,0.079726,-0.703045,-0.668547,0.24243,540.516,470.288,-129.169,656.381
486,343,344,355,-25,50,-0,0,50,-0,0,50,-25,0.387161,0.500419,0.11242,-0.772072,-0.609409,0.18035,540.516,470.288,-129.169,715.776
487,248,250,261,100,50,225,125,50,225,125,50,200,0.776455,0.0475177,0.176027,-0.607481,-0.626914,0.487797,540.516,470.288,-129.169,733.615
488,248,250,261,100,50,225,125,50,225,125,50,200,0.325627,0.336805,0.337568,-0.59908,-0.634268,0.488679,540.516,470.288,-129.169,722.881
489,384,385,396,-100,50,-100,-75,50,-100,-75,50,-125,0.240691,0.281761,0.477548,-0.824256,-0.565644,0.0254741,540.516,470.288,-129.169,750.853
490,415,414,403,125,50,-150,100,50,-150,100,50,-125,0.514805,0.218751,0.266444,-0.711565,-0.70229,-0.0215432,540.516,470.288,-129.169,604.31
492,359,358,347,100,50,-25,75,50,-25,75,50,-0,0.374185,0.252878,0.372938,-0.714361,-0.676038,0.180723,540.516,470.288,-129.169,626.72
493,320,319,308,-50,50,50,-75,50,50,-75,50,75,0.290132,0.114973,0.594895,-0.783931,-0.567399,0.252014,540.516,470.288,-129.169,792.848
494,416,406,417,-125,50,-150,-100,50,-150,-100,50,-175,0.0296655,0.0189624,0.951372,-0.833564,-0.549588,-0.0558975,540.516,470.288,-129.169,772.064
496,491,490,218,125,25,-250,125,25,-225,125,0,-225,0.00412782,0.859134,0.136738,-0.671116,-0.72513,-0.154239,540.516,470.288,-129.169,602.225
497,359,360,371,100,50,-25,125,50,-25,125,50,-50,0.067384,0.303242,0.629374,-0.68928,-0.709276,0.14772,540.516,470.288,-129.169,607.73
498,263,273,262,-100,50,175,-125,50,175,-125,50,200,0.419126,0.0120868,0.568787,-0.765279,-0.524979,0.372484,540.516,470.288,-129.169,870.134
500,344,345,356,0,50,-0,25,50,-0,25,50,-25,0.119946,0.587523,0.292531,-0.75464,-0.630957,0.180031,540.516,470.288,-129.169,693.684
501,327,326,315,125,50,50,100,50,50,100,50,75,0.0446411,0.389869,0.56549,-0.67606,-0.673606,0.29866,540.516,470.288,-129.169,658.724
503,255,256,267,-25,50,200,0,50,200,0,50,175,0.757964,0.0680658,0.17397,-0.710565,-0.56959,0.413116,540.516,470.288,-129.169,806.786
504,314,313,302,75,50,75,50,50,75,50,50,100,0.338308,0.11996,0.541732,-0.700151,-0.639452,0.317633,540.516,470.288,-129.169,699.697
505,313,314,325,50,50,75,75,50,75,75,50,50,0.66725,0.109278,0.223472,-0.707166,-0.643406,0.293164,540.516,470.288,-129.169,692.555
506,283,272,474,125,50,150,125,50,175,125,25,175,0.120386,0.84081,0.0388037,-0.611231,-0.656564,0.44195,540.516,470.288,-129.169,700.493
507,282,283,294,100,50,150,125,50,150,125,50,125,0.00970948,0.580097,0.410193,-0.6257,-0.667219,0.404127,540.516,470.288,-129.169,676.8
508,473,472,20,125,25,200,125,25,225,125,0,225,0.593935,0.381573,0.0244922,-0.581088,-0.663145,0.471779,540.516,470.288,-129.169,735.92
510,413,412,401,75,50,-150,50,50,-150,50,50,-125,0.331013,0.229207,0.43978,-0.751831,-0.659228,-0.0129432,540.516,470.288,-129.169,648.774
511,325,324,313,75,50,50,50,50,50,50,50,75,0.462155,0.380878,0.156967,-0.710151,-0.648746,0.273522,540.516,470.288,-129.169,678.495
512,234,232,231,-75,50,225,-100,50,225,-100,50,250,0.308269,0.65305,0.038681,-0.74042,-0.528147,0.415739,540.516,470.288,-129.169,867.476
513,365,366,377,-25,50,-50,0,50,-50,0,50,-75,-0.000502944,0.503007,0.497496,-0.779394,-0.618642,0.0991289,540.516,470.288,-129.169,706.006
514,286,285,274,-75,50,125,-100,50,125,-100,50,150,0.414792,0.269352,0.315855,-0.772926,-0.546243,0.322805,540.516,470.288,-129.169,818.592
515,360,359,348,125,50,-25,100,50,-25,100,50,-0,0.173433,0.426797,0.39977,-0.69847,-0.691136,0.18566,540.516,470.288,-129.169,622.306
516,359,360,371,100,50,-25,125,50,-25,125,50,-50,0.255712,0.459774,0.284515,-0.691318,-0.704528,0.160372,540.516,470.288,-129.169,608.823
517,349,338,480,125,50,-0,125,50,25,125,25,25,0.24588,0.234698,0.519421,-0.661363,-0.712461,0.234518,540.516,470.288,-129.169,629.602
518,360,349,481,125,50,-25,125,50,-0,125,25,-0,0.689476,0.279334,0.0311902,-0.681134,-0.708624,0.184141,540.516,470.288,-129.169,613.918
520,480,481,349,125,25,25,125,25,-0,125,50,-0,0.386205,0.000510254,0.613285,-0.666873,-0.711467,0.221573,540.516,470.288,-129.169,633.191
521,379,380,391,50,50,-75,75,50,-75,75,50,-100,0.71077,0.0650189,0.224211,-0.747322,-0.659838,0.0782565,540.516,470.288,-129.169,649.292
522,263,264,275,-100,50,175,-75,50,175,-75,50,150,0.778696,0.0237799,0.197524,-0.76237,-0.538027,0.35961,540.516,470.288,-129.169,858.681
523,420,419,408,-25,50,-175,-50,50,-175,-50,50,-150,0.589983,0.117419,0.292598,-0.805078,-0.59091,-0.0517176,540.516,470.288,-129.169,710.843
525,403,402,391,100,50,-125,75,50,-125,75,50,-100,0.591398,0.310075,0.0985272,-0.728549,-0.684853,0.0139098,540.516,470.288,-129.169,623.189
526,240,238,237,0,50,225,-25,50,225,-25,50,250,0.701311,0.139848,0.158841,-0.689271,-0.566828,0.451233,540.516,470.288,-129.169,821.797
527,254,253,234,-50,50,200,-75,50,200,-75,50,225,0.679124,0.243029,0.0778473,-0.730962,-0.549171,0.4051,540.516,470.288,-129.169,838.757
528,437,426,488,125,50,-200,125,50,-175,125,25,-175,0.188674,0.590698,0.220629,-0.695615,-0.71355,-0.0834679,540.516,470.288,-129.169,593.704
529,380,381,392,75,50,-75,100,50,-75,100,50,-100,0.0822925,0.575109,0.342599,-0.718179,-0.691559,0.0772374,540.516,470.288,-129.169,621.959
530,477,478,316,125,25,100,125,25,75,125,50,75,0.285388,0.398437,0.316176,-0.637589,-0.69983,0.322053,540.516,470.288,-129.169,655.264
531,480,481,349,125,25,25,125,25,-0,125,50,-0,0.0934936,0.308507,0.597999,-0.668824,-0.712993,0.210515,540.516,470.288,-129.169,630.204
532,456,455,444,50,50,-250,25,50,-250,25,50,-225,0.0302246,0.227109,0.742667,-0.765472,-0.625313,-0.151779,540.516,470.288,-129.169,681.093
533,446,447,458,75,50,-225,100,50,-225,100,50,-250,0.474574,0.255525,0.269901,-0.722441,-0.671803,-0.163584,540.516,470.288,-129.169,629.672
534,354,353,342,-25,50,-25,-50,50,-25,-50,50,-0,0.162163,0.484827,0.35301,-0.794466,-0.586915,0.156058,540.516,470.288,-129.169,745.271
535,441,440,429,-50,50,-225,-75,50,-225,-75,50,-200,0.177068,0.678201,0.144731,-0.817503,-0.562644,-0.122969,540.516,470.288,-129.169,752.581
536,380,381,392,75,50,-75,100,50,-75,100,50,-100,0.69002,0.269076,0.0409042,-0.728319,-0.679594,0.0877709,540.516,470.288,-129.169,626.041
537,141,152,484,125,0,-50,125,0,-75,125,25,-75,0.34661,0.0948999,0.55849,-0.663805,-0.741534,0.0974128,540.516,470.288,-129.169,628.41
539,404,403,392,125,50,-125,100,50,-125,100,50,-100,0.00186765,0.455174,0.542958,-0.720055,-0.693172,0.0321536,540.516,470.288,-129.169,615.922
540,293,292,281,100,50,125,75,50,125,75,50,150,0.313636,0.577917,0.108447,-0.666079,-0.644766,0.374987,540.516,470.288,-129.169,703.356
541,258,259,270,50,50,200,75,50,200,75,50,175,0.574567,0.287767,0.137667,-0.654774,-0.611088,0.444795,540.516,470.288,-129.169,750.171
542,478,477,75,125,25,75,125,25,100,125,0,100,0.040025,0.838295,0.12168,-0.62419,-0.704542,0.33765,540.516,470.288,-129.169,669.103
543,478,477,75,125,25,75,125,25,100,125,0,100,0.0401568,0.838093,0.12175,-0.624191,-0.704544,0.337644,540.516,470.288,-129.169,669.102
545,489,490,448,125,25,-200,125,25,-225,125,50,-225,0.144327,0.186202,0.66947,-0.687842,-0.709796,-0.151862,540.516,470.288,-129.169,591.252
547,234,236,254,-75,50,225,-50,50,225,-50,50,200,0.703777,0.0187128,0.27751,-0.73021,-0.541065,0.417184,540.516,470.288,-129.169,865.3
548,275,276,287,-75,50,150,-50,50,150,-50,50,125,0.469932,0.198542,0.331526,-0.755832,-0.559061,0.340835,540.516,470.288,-129.169,795.593
550,415,404,486,125,50,-150,125,50,-125,125,25,-125,0.266866,0.28374,0.449395,-0.691704,-0.722173,-0.00334334,540.516,470.288,-129.169,600.192
551,312,311,300,25,50,75,0,50,75,0,50,100,0.0956836,0.744099,0.160218,-0.741035,-0.606375,0.288404,540.516,470.288,-129.169,749.242
553,402,403,414,75,50,-125,100,50,-125,100,50,-150,0.726332,0.140047,0.133621,-0.73482,-0.678248,0.00427142,540.516,470.288,-129.169,628.333
554,289,288,277,0,50,125,-25,50,125,-25,50,150,0.813125,0.168638,0.0182373,-0.728899,-0.593092,0.341976,540.516,470.288,-129.169,760.032
555,242,244,258,25,50,225,50,50,225,50,50,200,0.489893,0.231979,0.278128,-0.662808,-0.592075,0.458401,540.516,470.288,-129.169,777.601
556,370,369,358,100,50,-50,75,50,-50,75,50,-25,0.827985,0.0490381,0.122977,-0.713367,-0.687679,0.134926,540.516,470.288,-129.169,625.458
557,423,422,411,50,50,-175,25,50,-175,25,50,-150,0.852681,0.00767944,0.13964,-0.75937,-0.647624,-0.0627812,540.516,470.288,-129.169,648.533
559,324,325,336,50,50,50,75,50,50,75,50,25,0.808676,0.0639154,0.127409,-0.717232,-0.645767,0.261847,540.516,470.288,-129.169,679.783
560,357,358,369,50,50,-25,75,50,-25,75,50,-50,0.0890393,0.210784,0.700176,-0.72941,-0.669933,0.138389,540.516,470.288,-129.169,647.655
562,292,293,304,75,50,125,100,50,125,100,50,100,0.00212893,0.774669,0.223202,-0.655681,-0.65755,0.371094,540.516,470.288,-129.169,682.52
563,360,359,348,125,50,-25,100,50,-25,100,50,-0,0.0548182,0.0881832,0.856999,-0.697673,-0.687233,0.202396,540.516,470.288,-129.169,629.387
564,473,474,272,125,25,200,125,25,175,125,50,175,0.339059,0.0162518,0.644689,-0.602018,-0.658951,0.450953,540.516,470.288,-129.169,707.567
565,338,337,326,125,50,25,100,50,25,100,50,50,0.00931889,0.0775745,0.913107,-0.682409,-0.67664,0.276543,540.516,470.288,-129.169,653.437
566,310,309,298,-25,50,75,-50,50,75,-50,50,100,0.0827832,0.226641,0.690576,-0.765374,-0.574703,0.289689,540.516,470.288,-129.169,789.829
567,293,292,281,100,50,125,75,50,125,75,50,150,0.304655,0.00593931,0.689406,-0.659882,-0.640514,0.392806,540.516,470.288,-129.169,700.129
568,325,326,337,75,50,50,100,50,50,100,50,25,0.182832,0.174725,0.642443,-0.690929,-0.676331,0.25533,540.516,470.288,-129.169,651.482
569,269,270,281,50,50,175,75,50,175,75,50,150,0.276176,0.703972,0.0198529,-0.658467,-0.621818,0.423985,540.516,470.288,-129.169,732.244
571,261,260,248,125,50,200,100,50,200,100,50,225,0.222548,0.536663,0.240789,-0.614071,-0.631748,0.473088,540.516,470.288,-129.169,727.091
572,359,358,347,100,50,-25,75,50,-25,75,50,-0,0.708187,0.113089,0.178724,-0.709084,-0.683088,0.174903,540.516,470.288,-129.169,625.936
573,387,388,399,-25,50,-100,0,50,-100,0,50,-125,0.460439,0.173385,0.366176,-0.791394,-0.610483,0.0317256,540.516,470.288,-129.169,701.275
574,278,277,266,0,50,150,-25,50,150,-25,50,175,0.321177,0.593222,0.0856012,-0.726529,-0.580713,0.367325,540.516,470.288,-129.169,799.481
575,403,402,391,100,50,-125,75,50,-125,75,50,-100,0.145321,0.00726309,0.847416,-0.735275,-0.676357,0.0437171,540.516,470.288,-129.169,623.411
576,403,404,415,100,50,-125,125,50,-125,125,50,-150,0.569894,0.00754639,0.42256,-0.71306,-0.70106,-0.00776749,540.516,470.288,-129.169,606.342
577,256,257,268,0,50,200,25,50,200,25,50,175,0.121538,0.384,0.494462,-0.686855,-0.593025,0.420181,540.516,470.288,-129.169,765.604
578,347,346,335,75,50,-0,50,50,-0,50,50,25,0.0406055,0.136894,0.822501,-0.728656,-0.646479,0.226109,540.516,470.288,-129.169,673.59
579,291,292,303,50,50,125,75,50,125,75,50,100,0.672418,0.0607538,0.266828,-0.688952,-0.632023,0.354812,540.516,470.288,-129.169,719.539
580,370,371,382,100,50,-50,125,50,-50,125,50,-75,0.12018,0.471348,0.408473,-0.694317,-0.710309,0.115698,540.516,470.288,-129.169,604.725
581,260,259,246,100,50,200,75,50,200,75,50,225,0.777896,0.182078,0.0400262,-0.625479,-0.627744,0.463372,540.516,470.288,-129.169,732.631
582,301,300,289,25,50,100,0,50,100,0,50,125,0.252454,0.561929,0.185617,-0.730061,-0.60349,0.320643,540.516,470.288,-129.169,746.52
583,402,401,390,75,50,-125,50,50,-125,50,50,-100,0.671187,0.14451,0.184303,-0.745047,-0.666801,0.0167732,540.516,470.288,-129.169,646.367
584,280,281,292,50,50,150,75,50,150,75,50,125,0.265471,0.546391,0.188138,-0.670289,-0.631056,0.390488,540.516,470.288,-129.169,723.174
585,377,378,389,0,50,-75,25,50,-75,25,50,-100,0.166467,0.663239,0.170293,-0.770211,-0.633122,0.0770194,540.516,470.288,-129.169,689.02
586,358,359,370,75,50,-25,100,50,-25,100,50,-50,0.668608,0.0451093,0.286282,-0.719438,-0.676856,0.155804,540.516,470.288,-129.169,647.898
587,294,293,282,125,50,125,100,50,125,100,50,150,0.583385,0.397857,0.0187579,-0.640659,-0.665372,0.383192,540.516,470.288,-129.169,667.403
588,326,327,338,100,50,50,125,50,50,125,50,25,0.453431,0.233514,0.313054,-0.673199,-0.687708,0.271772,540.516,470.288,-129.169,638.401
589,283,282,271,125,50,150,100,50,150,100,50,175,0.29485,0.332642,0.372508,-0.632975,-0.649451,0.421374,540.516,470.288,-129.169,705.481
591,383,373,384,-125,50,-75,-100,50,-75,-100,50,-100,0.111233,0.248369,0.640398,-0.831369,-0.553279,0.0520439,540.516,470.288,-129.169,774.952
592,280,281,292,50,50,150,75,50,150,75,50,125,0.570164,0.114136,0.3157,-0.677532,-0.6273,0.383985,540.516,470.288,-129.169,724.272
593,316,305,477,125,50,75,125,50,100,125,25,100,0.182816,0.524607,0.292577,-0.638288,-0.688216,0.344887,540.516,470.288,-129.169,655.083
594,300,301,312,0,50,100,25,50,100,25,50,75,0.24332,0.41208,0.3446,-0.726505,-0.613928,0.308679,540.516,470.288,-129.169,738.379
597,370,371,382,100,50,-50,125,50,-50,125,50,-75,0.0937988,0.887012,0.0191891,-0.692006,-0.709773,0.131717,540.516,470.288,-129.169,608.188
598,477,476,64,125,25,100,125,25,125,125,0,125,0.425036,0.309782,0.265182,-0.616264,-0.702373,0.356217,540.516,470.288,-129.169,690.372
599,370,371,382,100,50,-50,125,50,-50,125,50,-75,0.610363,0.0924832,0.297154,-0.704219,-0.699727,0.120242,540.516,470.288,-129.169,613.918
600,303,302,291,75,50,100,50,50,100,50,50,125,0.59108,0.205961,0.202959,-0.689349,-0.639456,0.340432,540.516,470.288,-129.169,699.008
602,315,316,327,100,50,75,125,50,75,125,50,50,0.00136966,0.488251,0.510379,-0.655809,-0.691671,0.302501,540.516,470.288,-129.169,638.634
604,231,233,234,-100,50,250,-75,50,250,-75,50,225,0.0252514,0.212079,0.762669,-0.7295,-0.534436,0.426857,540.516,470.288,-129.169,860.046
605,314,315,326,75,50,75,100,50,75,100,50,50,0.413962,0.222407,0.363631,-0.684364,-0.665487,0.297949,540.516,470.288,-129.169,670.266
606,342,343,354,-50,50,-0,-25,50,-0,-25,50,-25,0.293689,0.489505,0.216806,-0.785219,-0.594649,0.172694,540.516,470.288,-129.169,728.635
607,403,404,415,100,50,-125,125,50,-125,125,50,-150,0.83412,0.061745,0.104135,-0.718032,-0.695986,0.00574839,540.516,470.288,-129.169,604.041
608,401,402,413,50,50,-125,75,50,-125,75,50,-150,0.13321,0.416437,0.450352,-0.742513,-0.669778,-0.00849287,540.516,470.288,-129.169,645.987
609,244,242,241,50,50,225,25,50,225,25,50,250,0.00449711,0.378975,0.616528,-0.662362,-0.579678,0.474605,540.516,470.288,-129.169,798.495
610,275,274,263,-75,50,150,-100,50,150,-100,50,175,0.748108,0.199319,0.0525726,-0.762584,-0.547362,0.344761,540.516,470.288,-129.169,845.234
611,488,487,185,125,25,-175,125,25,-150,125,0,-150,0.0182294,0.833984,0.147787,-0.677357,-0.734845,-0.0344878,540.516,470.288,-129.169,610.397
612,446,447,458,75,50,-225,100,50,-225,100,50,-250,0.818307,0.146742,0.0349512,-0.730126,-0.666024,-0.152735,540.516,470.288,-129.169,628.427
613,282,281,270,100,50,150,75,50,150,75,50,175,0.454662,0.341025,0.204313,-0.652042,-0.638644,0.408625,540.516,470.288,-129.169,704.443
614,267,268,279,0,50,175,25,50,175,25,50,150,0.701382,0.0331903,0.265428,-0.703952,-0.590489,0.394682,540.516,470.288,-129.169,771.893
616,448,437,489,125,50,-225,125,50,-200,125,25,-200,0.405854,0.265825,0.328322,-0.690003,-0.711371,-0.133594,540.516,470.288,-129.169,593.834
617,290,291,302,25,50,125,50,50,125,50,50,100,0.108761,0.017035,0.874204,-0.702644,-0.629199,0.332265,540.516,470.288,-129.169,714.421
618,300,299,288,0,50,100,-25,50,100,-25,50,125,0.192153,0.626849,0.180997,-0.746075,-0.588093,0.312279,540.516,470.288,-129.169,760.357
619,415,404,486,125,50,-150,125,50,-125,125,25,-125,0.86607,0.0760272,0.0579028,-0.700226,-0.713373,-0.027981,540.516,470.288,-129.169,596.683
620,299,298,287,-25,50,100,-50,50,100,-50,50,125,0.634912,0.328234,0.0368536,-0.755174,-0.580931,0.303695,540.516,470.288,-129.169,773.413
621,377,376,365,0,50,-75,-25,50,-75,-25,50,-50,0.188062,0.166693,0.645245,-0.789701,-0.604964,0.101932,540.516,470.288,-129.169,706.012
622,379,378,367,50,50,-75,25,50,-75,25,50,-50,0.366803,0.624259,0.00893799,-0.761441,-0.642601,0.0852728,540.516,470.288,-129.169,680.068
623,481,482,360,125,25,-0,125,25,-25,125,50,-25,0.243519,0.529585,0.226896,-0.666979,-0.724149,0.175347,540.516,470.288,-129.169,635.101
625,279,280,291,25,50,150,50,50,150,50,50,125,0.728002,0.0191437,0.252855,-0.697951,-0.609891,0.375362,540.516,470.288,-129.169,741.016
626,286,287,298,-75,50,125,-50,50,125,-50,50,100,0.199766,0.303771,0.496463,-0.762237,-0.56808,0.31029,540.516,470.288,-129.169,806.036
627,251,232,252,-125,50,225,-100,50,225,-100,50,200,0.185791,0.791694,0.0225153,-0.747286,-0.522949,0.409985,540.516,470.288,-129.169,871.326
628,421,420,409,0,50,-175,-25,50,-175,-25,50,-150,0.50968,0.297405,0.192915,-0.793539,-0.605851,-0.0569207,540.516,470.288,-129.169,699.819
630,473,472,20,125,25,200,125,25,225,125,0,225,0.141423,0.698963,0.159614,-0.574722,-0.661553,0.481708,540.516,470.288,-129.169,741.155
631,301,302,313,25,50,100,50,50,100,50,50,75,0.252473,0.224404,0.523123,-0.711695,-0.630136,0.310514,540.516,470.288,-129.169,712.388
632,390,391,402,50,50,-100,75,50,-100,75,50,-125,0.07698,0.522784,0.400236,-0.739583,-0.672244,0.0332486,540.516,470.288,-129.169,638.822
633,414,413,402,100,50,-150,75,50,-150,75,50,-125,0.293632,0.69945,0.00691833,-0.734937,-0.677439,-0.0307353,540.516,470.288,-129.169,625.554
634,412,413,424,50,50,-150,75,50,-150,75,50,-175,0.144633,0.0232299,0.832138,-0.742483,-0.666817,-0.0638201,540.516,470.288,-129.169,629.974
635,269,268,257,50,50,175,25,50,175,25,50,200,0.78031,0.0117462,0.207944,-0.6742,-0.606671,0.421195,540.516,470.288,-129.169,750.596
637,363,362,351,-75,50,-50,-100,50,-50,-100,50,-25,0.106792,0.598944,0.294264,-0.822301,-0.557393,0.114604,540.516,470.288,-129.169,782.079
638,485,484,152,125,25,-100,125,25,-75,125,0,-75,0.36038,0.583875,0.0557446,-0.674213,-0.73498,0.072396,540.516,470.288,-129.169,620.047
639,473,472,20,125,25,200,125,25,225,125,0,225,0.886379,0.00624329,0.107378,-0.582891,-0.667307,0.463616,540.516,470.288,-129.169,740.049
640,304,303,292,100,50,100,75,50,100,75,50,125,0.708937,0.222595,0.0684686,-0.668593,-0.658112,0.346225,540.516,470.288,-129.169,682.041
641,302,303,314,50,50,100,75,50,100,75,50,75,0.311334,0.44966,0.239006,-0.691662,-0.643888,0.327127,540.516,470.288,-129.169,696.649
642,336,335,324,75,50,25,50,50,25,50,50,50,0.211423,0.272249,0.516328,-0.719681,-0.647643,0.250234,540.516,470.288,-129.169,676.358
643,267,268,279,0,50,175,25,50,175,25,50,150,0.0746948,0.6129,0.312405,-0.694767,-0.599219,0.397787,540.516,470.288,-129.169,759.253
644,256,257,268,0,50,200,25,50,200,25,50,175,0.103059,0.711957,0.184984,-0.683363,-0.591184,0.428387,540.516,470.288,-129.169,769.208
645,366,367,378,0,50,-50,25,50,-50,25,50,-75,0.745183,0.0933365,0.16148,-0.774426,-0.622687,0.111917,540.516,470.288,-129.169,691.912
646,443,442,431,0,50,-225,-25,50,-225,-25,50,-200,0.0483472,0.0934144,0.858238,-0.796919,-0.594942,-0.104706,540.516,470.288,-129.169,752.641
647,272,271,260,125,50,175,100,50,175,100,50,200,0.339832,0.018581,0.641587,-0.618189,-0.639193,0.457465,540.516,470.288,-129.169,715.47
648,268,269,280,25,50,175,50,50,175,50,50,150,0.737185,0.177621,0.0851935,-0.687191,-0.60099,0.408141,540.516,470.288,-129.169,761.295
649,242,240,239,25,50,225,0,50,225,0,50,250,0.0636914,0.597112,0.339196,-0.681476,-0.570126,0.458854,540.516,470.288,-129.169,814.922
650,356,355,344,25,50,-25,0,50,-25,0,50,-0,0.666965,0.0127148,0.32032,-0.760278,-0.62804,0.165962,540.516,470.288,-129.169,695.835
651,423,424,435,50,50,-175,75,50,-175,75,50,-200,0.0964087,0.0273432,0.876248,-0.739388,-0.664847,-0.106225,540.516,470.288,-129.169,647.399
652,436,435,424,100,50,-200,75,50,-200,75,50,-175,0.268158,0.268707,0.463135,-0.733663,-0.673131,-0.0929177,540.516,470.288,-129.169,625.409
653,240,242,257,0,50,225,25,50,225,25,50,200,0.0101001,0.443847,0.546053,-0.675055,-0.587899,0.445731,540.516,470.288,-129.169,775.986
654,322,323,334,0,50,50,25,50,50,25,50,25,0.280044,0.35543,0.364526,-0.743732,-0.622303,0.244135,540.516,470.288,-129.169,708.418
655,406,407,418,-100,50,-150,-75,50,-150,-75,50,-175,0.246536,0.103429,0.650035,-0.825759,-0.562067,-0.046942,540.516,470.288,-129.169,757.867
656,379,380,391,50,50,-75,75,50,-75,75,50,-100,0.190293,0.533016,0.276691,-0.738448,-0.66982,0.0776954,540.516,470.288,-129.169,639.685
658,272,261,473,125,50,175,125,50,200,125,25,200,0.203099,0.338723,0.458179,-0.595263,-0.657882,0.46136,540.516,470.288,-129.169,715.871
659,334,333,322,25,50,25,0,50,25,0,50,50,0.233906,0.321609,0.444484,-0.752525,-0.615288,0.23479,540.516,470.288,-129.169,709.237
660,267,268,279,0,50,175,25,50,175,25,50,150,0.687666,0.0436078,0.268726,-0.703733,-0.59079,0.394622,540.516,470.288,-129.169,771.888
661,374,373,362,-75,50,-75,-100,50,-75,-100,50,-50,0.413726,0.0177984,0.568476,-0.822287,-0.561584,0.0920205,540.516,470.288,-129.169,793.987
662,290,291,302,25,50,125,50,50,125,50,50,100,0.0990405,0.744856,0.156104,-0.69589,-0.624792,0.354081,540.516,470.288,-129.169,718.826
663,382,381,370,125,50,-75,100,50,-75,100,50,-50,0.313206,0.586274,0.10052,-0.708881,-0.698763,0.0960142,540.516,470.288,-129.169,620.609
664,246,244,243,75,50,225,50,50,225,50,50,250,0.479421,0.27993,0.240649,-0.638625,-0.600582,0.481103,540.516,470.288,-129.169,781.932
666,488,487,185,125,25,-175,125,25,-150,125,0,-150,0.121146,0.22109,0.657764,-0.666773,-0.744235,-0.0390957,540.516,470.288,-129.169,619.579
667,483,484,382,125,25,-50,125,25,-75,125,50,-75,0.0626844,0.0942871,0.843029,-0.691401,-0.716395,0.0935005,540.516,470.288,-129.169,606.161
668,392,391,380,100,50,-100,75,50,-100,75,50,-75,0.432968,0.0977893,0.469243,-0.728047,-0.682066,0.0688016,540.516,470.288,-129.169,632.486
669,379,380,391,50,50,-75,75,50,-75,75,50,-100,0.218517,0.0602874,0.721196,-0.740429,-0.669462,0.0598777,540.516,470.288,-129.169,636.849
670,410,411,422,0,50,-150,25,50,-150,25,50,-175,0.0835352,0.0297521,0.886713,-0.7738,-0.630358,-0.0623128,540.516,470.288,-129.169,675.815
671,420,421,432,-25,50,-175,0,50,-175,0,50,-200,0.0899316,0.730313,0.179756,-0.787741,-0.611881,-0.0711698,540.516,470.288,-129.169,701.39
672,297,296,285,-75,50,100,-100,50,100,-100,50,125,0.243713,0.441472,0.314815,-0.78338,-0.547683,0.29387,540.516,470.288,-129.169,826.801
673,378,379,390,25,50,-75,50,50,-75,50,50,-100,0.0717236,0.924942,0.00333466,-0.752368,-0.653142,0.085717,540.516,470.288,-129.169,666.237
674,238,240,256,-25,50,225,0,50,225,0,50,200,0.488853,0.0233539,0.487794,-0.699548,-0.56909,0.432168,540.516,470.288,-129.169,819.437
